{
    "1": {
        "mean": 0.8475867269984917,
        "std": 0.026350317412576627
    },
    "2": {
        "mean": 0.831975867269985,
        "std": 0.01038864274975722
    },
    "3": {
        "mean": 0.8122926093514329,
        "std": 0.03270985192609877
    },
    "4": {
        "mean": 0.8319758672699848,
        "std": 0.01038864274975722
    },
    "5": {
        "mean": 0.8474358974358974,
        "std": 0.03435108105377344
    },
    "6": {
        "mean": 0.8357466063348415,
        "std": 0.027401211244328132
    },
    "7": {
        "mean": 0.8475113122171944,
        "std": 0.02938042186560711
    },
    "8": {
        "mean": 0.8513574660633484,
        "std": 0.027320975699350245
    },
    "9": {
        "mean": 0.8395927601809955,
        "std": 0.04243889341586137
    },
    "10": {
        "mean": 0.8318250377073906,
        "std": 0.03902960842144404
    },
    "11": {
        "mean": 0.8435897435897436,
        "std": 0.02230850304010175
    },
    "12": {
        "mean": 0.8318250377073907,
        "std": 0.030135731508276725
    },
    "13": {
        "mean": 0.8435143288084465,
        "std": 0.03571031244564474
    },
    "14": {
        "mean": 0.8239064856711915,
        "std": 0.04364815742934546
    },
    "15": {
        "mean": 0.8278280542986425,
        "std": 0.03876026304836067
    },
    "16": {
        "mean": 0.8277526395173453,
        "std": 0.04924902805167603
    },
    "17": {
        "mean": 0.8316742081447964,
        "std": 0.04953643316904579
    },
    "18": {
        "mean": 0.8239819004524886,
        "std": 0.035837815046448784
    },
    "19": {
        "mean": 0.8162141779788838,
        "std": 0.02458521870286576
    },
    "20": {
        "mean": 0.804449472096531,
        "std": 0.03139973007462208
    }
}