{
    "1": {
        "mean": 0.941553544494721,
        "std": 0.02720164222755872
    },
    "2": {
        "mean": 0.9453996983408748,
        "std": 0.022562005371119333
    },
    "3": {
        "mean": 0.9726998491704373,
        "std": 0.00942413233895219
    },
    "4": {
        "mean": 0.9726998491704373,
        "std": 0.00942413233895219
    },
    "5": {
        "mean": 0.9765460030165911,
        "std": 0.007882197665432203
    },
    "6": {
        "mean": 0.9726244343891401,
        "std": 0.009668398498061713
    },
    "7": {
        "mean": 0.9726244343891401,
        "std": 0.009668398498061713
    },
    "8": {
        "mean": 0.9764705882352942,
        "std": 0.01467316622264289
    },
    "9": {
        "mean": 0.9725490196078432,
        "std": 0.019996154955265816
    },
    "10": {
        "mean": 0.9725490196078432,
        "std": 0.015686274509803904
    },
    "11": {
        "mean": 0.9687028657616892,
        "std": 0.015743456513617384
    },
    "12": {
        "mean": 0.9725490196078432,
        "std": 0.019996154955265816
    },
    "13": {
        "mean": 0.9569381598793363,
        "std": 0.01930441639721101
    },
    "14": {
        "mean": 0.9570135746606334,
        "std": 0.014716513927783366
    },
    "15": {
        "mean": 0.9491704374057315,
        "std": 0.02008696448215565
    },
    "16": {
        "mean": 0.9530920060331824,
        "std": 0.01576439533086445
    },
    "17": {
        "mean": 0.9530920060331824,
        "std": 0.01576439533086445
    },
    "18": {
        "mean": 0.9530920060331824,
        "std": 0.020057496482508957
    },
    "19": {
        "mean": 0.9530920060331824,
        "std": 0.020057496482508957
    },
    "20": {
        "mean": 0.9607843137254901,
        "std": 0.02772967769359011
    }
}