{
    "all": {
        "best_k": 5,
        "cv_results": {
            "1": {
                "mean": 0.941553544494721,
                "std": 0.02720164222755872
            },
            "2": {
                "mean": 0.9453996983408748,
                "std": 0.022562005371119333
            },
            "3": {
                "mean": 0.9726998491704373,
                "std": 0.00942413233895219
            },
            "4": {
                "mean": 0.9726998491704373,
                "std": 0.00942413233895219
            },
            "5": {
                "mean": 0.9765460030165911,
                "std": 0.007882197665432203
            },
            "6": {
                "mean": 0.9726244343891401,
                "std": 0.009668398498061713
            },
            "7": {
                "mean": 0.9726244343891401,
                "std": 0.009668398498061713
            },
            "8": {
                "mean": 0.9764705882352942,
                "std": 0.01467316622264289
            },
            "9": {
                "mean": 0.9725490196078432,
                "std": 0.019996154955265816
            },
            "10": {
                "mean": 0.9725490196078432,
                "std": 0.015686274509803904
            },
            "11": {
                "mean": 0.9687028657616892,
                "std": 0.015743456513617384
            },
            "12": {
                "mean": 0.9725490196078432,
                "std": 0.019996154955265816
            },
            "13": {
                "mean": 0.9569381598793363,
                "std": 0.01930441639721101
            },
            "14": {
                "mean": 0.9570135746606334,
                "std": 0.014716513927783366
            },
            "15": {
                "mean": 0.9491704374057315,
                "std": 0.02008696448215565
            },
            "16": {
                "mean": 0.9530920060331824,
                "std": 0.01576439533086445
            },
            "17": {
                "mean": 0.9530920060331824,
                "std": 0.01576439533086445
            },
            "18": {
                "mean": 0.9530920060331824,
                "std": 0.020057496482508957
            },
            "19": {
                "mean": 0.9530920060331824,
                "std": 0.020057496482508957
            },
            "20": {
                "mean": 0.9607843137254901,
                "std": 0.02772967769359011
            }
        },
        "stability_runs": {
            "mean": 0.9272727272727274,
            "std": 1.1102230246251565e-16,
            "values": [
                0.9272727272727272,
                0.9272727272727272,
                0.9272727272727272,
                0.9272727272727272,
                0.9272727272727272
            ]
        }
    },
    "clinical": {
        "best_k": 8,
        "cv_results": {
            "1": {
                "mean": 0.8475867269984917,
                "std": 0.026350317412576627
            },
            "2": {
                "mean": 0.831975867269985,
                "std": 0.01038864274975722
            },
            "3": {
                "mean": 0.8122926093514329,
                "std": 0.03270985192609877
            },
            "4": {
                "mean": 0.8319758672699848,
                "std": 0.01038864274975722
            },
            "5": {
                "mean": 0.8474358974358974,
                "std": 0.03435108105377344
            },
            "6": {
                "mean": 0.8357466063348415,
                "std": 0.027401211244328132
            },
            "7": {
                "mean": 0.8475113122171944,
                "std": 0.02938042186560711
            },
            "8": {
                "mean": 0.8513574660633484,
                "std": 0.027320975699350245
            },
            "9": {
                "mean": 0.8395927601809955,
                "std": 0.04243889341586137
            },
            "10": {
                "mean": 0.8318250377073906,
                "std": 0.03902960842144404
            },
            "11": {
                "mean": 0.8435897435897436,
                "std": 0.02230850304010175
            },
            "12": {
                "mean": 0.8318250377073907,
                "std": 0.030135731508276725
            },
            "13": {
                "mean": 0.8435143288084465,
                "std": 0.03571031244564474
            },
            "14": {
                "mean": 0.8239064856711915,
                "std": 0.04364815742934546
            },
            "15": {
                "mean": 0.8278280542986425,
                "std": 0.03876026304836067
            },
            "16": {
                "mean": 0.8277526395173453,
                "std": 0.04924902805167603
            },
            "17": {
                "mean": 0.8316742081447964,
                "std": 0.04953643316904579
            },
            "18": {
                "mean": 0.8239819004524886,
                "std": 0.035837815046448784
            },
            "19": {
                "mean": 0.8162141779788838,
                "std": 0.02458521870286576
            },
            "20": {
                "mean": 0.804449472096531,
                "std": 0.03139973007462208
            }
        },
        "stability_runs": {
            "mean": 0.8181818181818181,
            "std": 1.1102230246251565e-16,
            "values": [
                0.8181818181818182,
                0.8181818181818182,
                0.8181818181818182,
                0.8181818181818182,
                0.8181818181818182
            ]
        }
    },
    "histo": {
        "best_k": 8,
        "cv_results": {
            "1": {
                "mean": 0.9217948717948717,
                "std": 0.017794692557618234
            },
            "2": {
                "mean": 0.8983408748114631,
                "std": 0.019586947910404735
            },
            "3": {
                "mean": 0.9412518853695323,
                "std": 0.02161709160268337
            },
            "4": {
                "mean": 0.9256410256410256,
                "std": 0.0290032346104903
            },
            "5": {
                "mean": 0.9412518853695324,
                "std": 0.02783653461469223
            },
            "6": {
                "mean": 0.9374057315233786,
                "std": 0.028941988303960237
            },
            "7": {
                "mean": 0.9569381598793363,
                "std": 0.01930441639721101
            },
            "8": {
                "mean": 0.9609351432880844,
                "std": 0.012404757282022368
            },
            "9": {
                "mean": 0.9490950226244343,
                "std": 0.02942723033845151
            },
            "10": {
                "mean": 0.9530920060331824,
                "std": 0.01576439533086445
            },
            "11": {
                "mean": 0.9452488687782805,
                "std": 0.01483660045533389
            },
            "12": {
                "mean": 0.9568627450980391,
                "std": 0.02881752638568446
            },
            "13": {
                "mean": 0.9452488687782805,
                "std": 0.01483660045533389
            },
            "14": {
                "mean": 0.9530165912518853,
                "std": 0.023617713414201737
            },
            "15": {
                "mean": 0.9452488687782805,
                "std": 0.01483660045533389
            },
            "16": {
                "mean": 0.9490950226244343,
                "std": 0.02011469289842749
            },