{
    "1": {
        "mean": 0.9217948717948717,
        "std": 0.017794692557618234
    },
    "2": {
        "mean": 0.8983408748114631,
        "std": 0.019586947910404735
    },
    "3": {
        "mean": 0.9412518853695323,
        "std": 0.02161709160268337
    },
    "4": {
        "mean": 0.9256410256410256,
        "std": 0.0290032346104903
    },
    "5": {
        "mean": 0.9412518853695324,
        "std": 0.02783653461469223
    },
    "6": {
        "mean": 0.9374057315233786,
        "std": 0.028941988303960237
    },
    "7": {
        "mean": 0.9569381598793363,
        "std": 0.01930441639721101
    },
    "8": {
        "mean": 0.9609351432880844,
        "std": 0.012404757282022368
    },
    "9": {
        "mean": 0.9490950226244343,
        "std": 0.02942723033845151
    },
    "10": {
        "mean": 0.9530920060331824,
        "std": 0.01576439533086445
    },
    "11": {
        "mean": 0.9452488687782805,
        "std": 0.01483660045533389
    },
    "12": {
        "mean": 0.9568627450980391,
        "std": 0.02881752638568446
    },
    "13": {
        "mean": 0.9452488687782805,
        "std": 0.01483660045533389
    },
    "14": {
        "mean": 0.9530165912518853,
        "std": 0.023617713414201737
    },
    "15": {
        "mean": 0.9452488687782805,
        "std": 0.01483660045533389
    },
    "16": {
        "mean": 0.9490950226244343,
        "std": 0.02011469289842749
    },
    "17": {
        "mean": 0.9335595776772248,
        "std": 0.02666784393025241
    },
    "18": {
        "mean": 0.9374811463046757,
        "std": 0.019263126004110634
    },
    "19": {
        "mean": 0.9335595776772248,
        "std": 0.02666784393025241
    },
    "20": {
        "mean": 0.9374811463046757,
        "std": 0.031404076860219184
    }
}