{
    "all": {
        "best_params": {
            "max_depth": null,
            "min_samples_split": 2,
            "n_estimators": 50
        },
        "test_accuracy": 0.9727272727272728,
        "stability_runs": {
            "mean": 0.9763636363636363,
            "std": 0.004453617714151208,
            "values": [
                0.9727272727272728,
                0.9727272727272728,
                0.9818181818181818,
                0.9727272727272728,
                0.9818181818181818
            ]
        },
        "confusion_matrix": [
            [
                34,
                0,
                0,
                0,
                0,
                0
            ],
            [
                0,
                17,
                0,
                1,
                0,
                0
            ],
            [
                0,
                0,
                22,
                0,
                0,
                0
            ],
            [
                0,
                1,
                0,
                14,
                0,
                0
            ],
            [
                0,
                0,
                0,
                0,
                15,
                0
            ],
            [
                0,
                1,
                0,
                0,
                0,
                5
            ]
        ]
    },
    "clinical": {
        "best_params": {
            "max_depth": null,
            "min_samples_split": 5,
            "n_estimators": 100
        },
        "test_accuracy": 0.8818181818181818,
        "stability_runs": {
            "mean": 0.8781818181818182,
            "std": 0.007272727272727276,
            "values": [
                0.8818181818181818,
                0.8818181818181818,
                0.8818181818181818,
                0.8636363636363636,
                0.8818181818181818
            ]
        },
        "confusion_matrix": [
            [
                31,
                2,
                0,
                1,
                0,
                0
            ],
            [
                0,
                14,
                0,
                1,
                3,
                0
            ],
            [
                0,
                0,
                22,
                0,
                0,
                0
            ],
            [
                0,
                3,
                0,
                12,
                0,
                0
            ],
            [
                0,
                3,
                0,
                0,
                12,
                0
            ],
            [
                0,
                0,
                0,
                0,
                0,
                6
            ]
        ]
    },
    "histo": {
        "best_params": {
            "max_depth": 10,
            "min_samples_split": 2,
            "n_estimators": 100
        },
        "test_accuracy": 0.9545454545454546,
        "stability_runs": {
            "mean": 0.9400000000000001,
            "std": 0.012331509060227754,
            "values": [
                0.9545454545454546,
                0.9454545454545454,
                0.9454545454545454,
                0.9181818181818182,
                0.9363636363636364
            ]
        },
        "confusion_matrix": [
            [
                34,
                0,
                0,
                0,
                0,
                0
            ],
            [
                0,
                15,
                0,
                3,
                0,
                0
            ],
            [
                0,
                0,
                22,
                0,
                0,
                0
            ],
            [
                0,
                1,
                0,
                14,
                0,
                0
            ],
            [
                0,
                0,
                0,
                0,
                15,
                0
            ],
            [
                0,
                0,
                0,
                1,
                0,
                5
            ]
        ]
    }
}